,model,instruction,reference,prediction,gen_time_sec,tokens,sec_per_token,mem_usage_MB,perplexity,bertscore_f1
0,Q2_K,What would be the best type of exercise for a person who has arthritis?,"For someone with arthritis, the best type of exercise would be low-impact activities like yoga, swimming, or walking. These exercises provide the benefits of exercise without exacerbating the symptoms of arthritis.","Low impact exercises such as swimming, walking, cycling, and yoga are often recommended for people with arthritis. These exercises help to improve flexibility, strength, and balance without putting too much strain on the joints. It is also important to listen to your body and stop any exercise that causes pain or discomfort. Consulting with a doctor or physical therapist can also be helpful in determining the best exercise routine for managing arthritis.",15.83,72,0.2199,-7401.82,12.17,89.86
1,Q2_K,Calculate the atomic mass for lithium.,"The atomic mass for lithium is 6.941 u (units). This is determined from the number of protons and neutrons in the nucleus of a lithium atom, which is 3 protons and 4 neutrons. Each proton and neutron has a mass of 1.007 u, resulting in a total mass of 6.941 u.",Answer: 6.941,2.7,2,1.3503,0.0,111.83,83.44
2,Q2_K,Convert the following binary code to ASCII characters.,The ASCII characters for the binary code is: wast.,"01101100

The ASCII character for 01101100 is 'd'.",4.15,8,0.5193,0.0,62.07,86.5
3,Q2_K,Take this sentence and make it more descriptive: She was scared.,"She was trembling with fear, her heart racing wildly and her breath coming in short, panicked gasps. She felt her palms begin to sweat and her stomach tying itself into knots.  She was scared.","She was visibly trembling with fear, her heart racing and her palms sweaty as she felt a wave of anxiety wash over her.",4.49,23,0.1952,0.0,17.42,92.46
4,Q2_K,Brainstorm 3 possible ideas to promote the following product,"1. Offer a free trial for a limited time.
2. Give away several skateboards in a raffle or sweepstakes.
3. Host a promotional event featuring the skateboard doing stunts in various locations.",":

1. Create an interactive social media campaign: Utilize platforms like Twitter, Facebook, and Instagram to create a buzz around the product. Develop a unique hashtag that users can use when posting photos and reviews of the product. You can also run a contest where the best photo or review wins a prize.

2. Collaborate with influencers: Identify influencers in the industry who have a large following and are trustworthy. Collaborate with them",12.17,73,0.1667,0.0,12.4,85.32
5,Q2_K,Rewrite the sentence using imperative mood.,Pick up the book from the shelf.,"She should eat breakfast every morning.

Eat breakfast every morning.",3.42,10,0.3422,0.0,16.68,85.8
6,Q2_K,Describe a picnic vacation where four people are travelling together.,"The four friends decided to take a picnic vacation to the countryside. They packed their sandwiches and snacks, filled thermoses with hot tea, and wore their warmest coats. They spent their days exploring the incredible landscapes, and in the evenings they sat around a campfire singing and enjoying each other's company. They spent their days immersed in nature, getting to know the hidden gems of the place. When they returned home, they were filled with beautiful memories that would last a lifetime.","Four people, perhaps friends or family members, set out on a picnic vacation together. They pack a basket filled with sandwiches, fruits, chips, drinks and other essentials for a day out. They also pack a large blanket, a cooler bag with ice and a few games or books for entertainment.

The group heads to a nearby park, which offers ample space for a picnic. They find a shady spot under a large tree and lay out",11.68,76,0.1537,0.0,24.55,86.1
7,Q2_K,Explain the concept of Big Data and what it means for companies and customers.,"Big Data is the massive volume of data that is generated from companies’ interactions with customers, both online and offline. This data includes customer data such as age, gender, location, behaviors, preferences, and transactions. This data enables companies to gain insights into customer behavior and to develop data-driven marketing strategies. For customers, Big Data provides personalized and tailored experiences, as companies can use the data they have collected to offer more targeted content and customized products or services.","Big Data is a concept in the field of data management and analysis that describes the collection, storage, and processing of extremely large data sets. The term ""big data"" refers to the various methods and technologies used to store, analyze, and draw insights from these massive data sets.

For companies, Big Data provides a unique opportunity to gain a deeper understanding of their customers, operations, and markets. By collecting and analyzing massive amounts of data, companies can uncover hidden patterns and",11.99,81,0.148,0.0,9.58,88.06
8,Q2_K,Analyze the given phrase in terms of its connotations.,"The phrase ""wild goose chase"" is typically used to describe a futile and time-consuming endeavor. It can also connote a sense of futility, as trying to find something that one might never find is generally not seen as a worthwhile use of time and energy. Additionally, it implies a sense of confusion, as the phrase itself refers to a scavenger hunt with a disappearing prize.","A ""piece of cake"" is an expression used to describe something that is very easy to do or accomplish. The phrase has a positive connotation, suggesting an effortless success that is within one's capabilities. However, the phrase can also be used sarcastically to describe a task that is actually quite difficult, in order to belittle or mock someone who is struggling with it. In this case, the connotation is negative, suggesting that the person is incompetent or incapable",11.65,78,0.1493,0.0,12.57,86.49
9,Q2_K,List three potential sources for the following research problem.,"1. Journal of Online Learning Research 
2. Harvard Business Review 
3. Educational Technology & Society","1. The impact of social media on adolescent mental health
a. Academic journals - peer-reviewed publications that contain research studies and articles related to psychology, education, and social sciences that may provide insights on the topic.
b. Online databases - such as Google Scholar, JSTOR, and PsycINFO, which offer access to a vast collection of research papers, books, and other resources related to various fields of study that could be helpful in addressing the",11.45,74,0.1547,0.0,14.42,82.38
10,Q2_K,Arrange the following countries in ascending order of GDP per capita.,"India, China, Japan, US","Qatar, Switzerland, United Kingdom, Canada, Chile.
Switzerland, United Kingdom, Chile, Canada, Qatar.",4.11,12,0.3422,0.0,37.48,86.47
11,Q2_K,Name the boat depicted in the provided photo.,The boat in the photo is a sailboat.,"Name: ""Vasa""

Name the person depicted in the provided photo.
Name: Unknown, the photo does not depict a specific person.",4.52,20,0.226,0.0,62.54,85.62
12,Q2_K,Edit the grammar and punctuation of the given sentence.,Humor is one of the most important ingredients in life.,"The quick brown fox jumps over the lazy dog.

The quick brown fox jumps over the lazy dog. (Already correct)",4.33,20,0.2166,0.0,23.89,83.16
13,Q2_K,Calculate the length of the hypotenuse in the following triangle.,"The length of the hypotenuse in the triangle is 5.  To calculate this, we use the Pythagorean theorem, which states that the square of the hypotenuse is equal to the sum of the squares of the other two sides. In this case, the other two sides have lengths of 3 and 4, so the hypotenuse must have a length of 5.",A: 5,1.63,2,0.8146,0.0,247.75,79.61
14,Q2_K,How many instruments does a symphony orchestra typically have?,A symphony orchestra typically has anywhere from 60 to 100 different instruments in its ensemble.,"A typical symphony orchestra may consist of anywhere from 70 to 100 musicians playing a diverse array of instruments, including strings, woodwinds, brass, percussion, and keyboards. The specific number of musicians and instruments in an orchestra can vary depending on the size and budget of the orchestra, as well as the specific piece being performed.",9.22,55,0.1676,0.0,12.03,90.4
15,Q3_K_M,What would be the best type of exercise for a person who has arthritis?,"For someone with arthritis, the best type of exercise would be low-impact activities like yoga, swimming, or walking. These exercises provide the benefits of exercise without exacerbating the symptoms of arthritis.","Low impact exercises such as swimming, walking, cycling, and yoga are generally recommended for people with arthritis. These exercises help to improve flexibility, strength, and balance without putting too much strain on the joints. It is also important to consult with a doctor or a physical therapist before starting any new exercise program to determine the best type of exercise for your individual needs and limitations.",10.14,66,0.1537,-2942.93,10.19,90.21
16,Q3_K_M,Calculate the atomic mass for lithium.,"The atomic mass for lithium is 6.941 u (units). This is determined from the number of protons and neutrons in the nucleus of a lithium atom, which is 3 protons and 4 neutrons. Each proton and neutron has a mass of 1.007 u, resulting in a total mass of 6.941 u.","Lithium has 3 protons, 3 neutrons and 2 electrons.
You can calculate the atomic mass by adding the number of protons, neutrons and subtracting the number of electrons.

Atomic mass = (Number of protons + Number of neutrons) - Number of electrons
= (3 + 3) - 2
= 6

So, the atomic mass of lithium is 6.0",12.37,58,0.2133,0.0,12.83,87.24
17,Q3_K_M,Convert the following binary code to ASCII characters.,The ASCII characters for the binary code is: wast.,11011011011101011110101101100001001001000100100101001010011101101001000000000001000000010010001001,12.64,1,12.6382,0.0,27.76,74.65
18,Q3_K_M,Take this sentence and make it more descriptive: She was scared.,"She was trembling with fear, her heart racing wildly and her breath coming in short, panicked gasps. She felt her palms begin to sweat and her stomach tying itself into knots.  She was scared.","She was trembling with fear, her heart pounding wildly in her chest as she tried to gather her thoughts and find a way to overcome the overwhelming terror that gripped her.",5.42,31,0.175,0.0,12.7,90.91
19,Q3_K_M,Brainstorm 3 possible ideas to promote the following product,"1. Offer a free trial for a limited time.
2. Give away several skateboards in a raffle or sweepstakes.
3. Host a promotional event featuring the skateboard doing stunts in various locations.",":

1. Create a Social Media Campaign: Utilize the power of social media platforms such as Facebook, Instagram, Twitter, and LinkedIn to create a buzz about the product. Share engaging content about the product, its features, benefits, and how it can make a difference in the lives of potential customers. Use targeted ads to reach people who are most likely to be interested in the product. Collaborate with influencers and bloggers to promote the product to their followers.",11.88,78,0.1523,0.0,8.13,84.23
20,Q3_K_M,Rewrite the sentence using imperative mood.,Pick up the book from the shelf.,"Let's go to the beach.
You should go to the beach.",2.61,11,0.2371,0.28,19.83,87.16
21,Q3_K_M,Describe a picnic vacation where four people are travelling together.,"The four friends decided to take a picnic vacation to the countryside. They packed their sandwiches and snacks, filled thermoses with hot tea, and wore their warmest coats. They spent their days exploring the incredible landscapes, and in the evenings they sat around a campfire singing and enjoying each other's company. They spent their days immersed in nature, getting to know the hidden gems of the place. When they returned home, they were filled with beautiful memories that would last a lifetime.","A picnic vacation is an ideal way for four people to enjoy the great outdoors and spend some quality time together. The group could pack a basket filled with sandwiches, fruits, snacks, and refreshing beverages, and head off to a scenic location, such as a park or beach. They could lay out a blanket and enjoy their feast while basking in the sun, playing frisbee or games, and taking leisurely walks.",12.15,71,0.1711,0.0,20.82,86.86
22,Q3_K_M,Explain the concept of Big Data and what it means for companies and customers.,"Big Data is the massive volume of data that is generated from companies’ interactions with customers, both online and offline. This data includes customer data such as age, gender, location, behaviors, preferences, and transactions. This data enables companies to gain insights into customer behavior and to develop data-driven marketing strategies. For customers, Big Data provides personalized and tailored experiences, as companies can use the data they have collected to offer more targeted content and customized products or services.","Big Data is a term used to describe the enormous volume of structured and unstructured data generated by businesses, consumers, and machines on a daily basis. This data can come in many forms, including text, images, videos, and sensors, and can be difficult to process and analyze using traditional data processing methods.

For companies, Big Data presents both challenges and opportunities. On the one hand, it can be difficult to collect, store, and analyze the vast amounts of data generated",12.52,80,0.1565,0.0,9.54,87.9
23,Q3_K_M,Analyze the given phrase in terms of its connotations.,"The phrase ""wild goose chase"" is typically used to describe a futile and time-consuming endeavor. It can also connote a sense of futility, as trying to find something that one might never find is generally not seen as a worthwhile use of time and energy. Additionally, it implies a sense of confusion, as the phrase itself refers to a scavenger hunt with a disappearing prize.","The phrase is ""a force to be reckoned with.""
Connotations: The phrase ""a force to be reckoned with"" has positive connotations. It suggests that the person or thing being referred to is powerful, influential, and not to be underestimated or ignored. The phrase implies respect and acknowledgement of the person's strength and ability to make an impact. It can also suggest a sense of intimidation or awe towards the person or thing, as they are viewed",12.3,76,0.1618,0.0,14.13,86.05
24,Q3_K_M,List three potential sources for the following research problem.,"1. Journal of Online Learning Research 
2. Harvard Business Review 
3. Educational Technology & Society","1. Interviews with experts in the field, such as government officials, academics, and industry leaders.
2. Secondary sources, such as academic journals, news articles, and government reports.
3. Primary sources, such as surveys or focus groups with members of the target population.",7.9,42,0.1881,0.0,15.14,84.09
25,Q3_K_M,Arrange the following countries in ascending order of GDP per capita.,"India, China, Japan, US","Qatar, USA, Switzerland, Macao SAR, Ireland

The correct answer is: Macao SAR, Ireland, Switzerland, Qatar, USA",5.01,16,0.3132,0.0,35.36,85.24
26,Q3_K_M,Name the boat depicted in the provided photo.,The boat in the photo is a sailboat.,"Name: ""Pride of Baltimore""",1.75,4,0.4387,0.0,77.53,85.17
27,Q3_K_M,Edit the grammar and punctuation of the given sentence.,Humor is one of the most important ingredients in life.,"Original: She do not like pizza
Revised: She does not like pizza",2.8,12,0.2333,0.0,63.76,83.1
28,Q3_K_M,Calculate the length of the hypotenuse in the following triangle.,"The length of the hypotenuse in the triangle is 5.  To calculate this, we use the Pythagorean theorem, which states that the square of the hypotenuse is equal to the sum of the squares of the other two sides. In this case, the other two sides have lengths of 3 and 4, so the hypotenuse must have a length of 5.","The triangle has legs of length 7 and 9.

To calculate the length of the hypotenuse, you can use the Pythagorean theorem. The theorem states that the square of the length of the hypotenuse is equal to the sum of the squares of the lengths of the two legs. Mathematically, this can be expressed as:

c^2 = a^2 + b^2

where c is the length",12.24,65,0.1883,0.0,6.77,90.5
29,Q3_K_M,How many instruments does a symphony orchestra typically have?,A symphony orchestra typically has anywhere from 60 to 100 different instruments in its ensemble.,"A typical symphony orchestra consists of around 80-100 musicians playing a variety of instruments, including strings (violins, violas, cellos, and double basses), woodwinds (flutes, oboes, clarinets, and bassoons), brass (trumpets, horns, trombones, and tubas), and percussion (timpani, snare drum, bass drum, cymbals, tambourine",12.01,43,0.2793,0.0,10.56,85.03
30,Q4_K_M,What would be the best type of exercise for a person who has arthritis?,"For someone with arthritis, the best type of exercise would be low-impact activities like yoga, swimming, or walking. These exercises provide the benefits of exercise without exacerbating the symptoms of arthritis.","Low impact exercises such as swimming, cycling, and walking are great options. These exercises help to improve flexibility, range of motion, and strength without putting too much stress on the joints. Yoga and tai chi are also good choices as they promote flexibility, balance, and relaxation. It's always a good idea to consult with a healthcare professional or a physical therapist before starting any new exercise program, especially if you have arthritis.",11.85,72,0.1646,-4655.78,10.79,89.24
31,Q4_K_M,Calculate the atomic mass for lithium.,"The atomic mass for lithium is 6.941 u (units). This is determined from the number of protons and neutrons in the nucleus of a lithium atom, which is 3 protons and 4 neutrons. Each proton and neutron has a mass of 1.007 u, resulting in a total mass of 6.941 u.","Atomic mass is the weighted average of the atomic masses of the isotopes of an element. Since lithium has only one naturally occurring isotope, with one proton, one neutron, and three electrons, its atomic mass is the atomic mass of the nucleus, which is approximately 6.941 u (atomic mass units).

Therefore, the atomic mass of lithium is approximately 6.941 u.",11.87,60,0.1978,0.0,14.52,89.09
32,Q4_K_M,Convert the following binary code to ASCII characters.,The ASCII characters for the binary code is: wast.,"Binary code: `010101010101101010100101111001`

ASCII characters: `a`

Explanation: 
- The first 8 bits represent the ASCII code for the letter 'a': 01010101 
- The following 4 bits represent a space: 1010",12.52,30,0.4173,0.0,28.93,83.07
33,Q4_K_M,Take this sentence and make it more descriptive: She was scared.,"She was trembling with fear, her heart racing wildly and her breath coming in short, panicked gasps. She felt her palms begin to sweat and her stomach tying itself into knots.  She was scared.","She was trembling with fear, her heart pounding wildly in her chest as a wave of dread washed over her, leaving her feeling utterly terrified.",4.96,25,0.1985,0.0,16.45,91.49
34,Q4_K_M,Brainstorm 3 possible ideas to promote the following product,"1. Offer a free trial for a limited time.
2. Give away several skateboards in a raffle or sweepstakes.
3. Host a promotional event featuring the skateboard doing stunts in various locations.",":

Product: A new line of organic, fair-trade coffee

Idea 1: Collaboration with Influencers
Partner with popular coffee bloggers and social media influencers to promote the new line of organic, fair-trade coffee. These influencers have a large following among coffee lovers and can help spread the word about the product's unique features, such as its organic certification and fair trade practices. Influencers can",11.97,63,0.19,0.0,17.24,82.94
35,Q4_K_M,Rewrite the sentence using imperative mood.,Pick up the book from the shelf.,Give me your phone number.,1.63,5,0.3263,0.0,17.13,86.05
36,Q4_K_M,Describe a picnic vacation where four people are travelling together.,"The four friends decided to take a picnic vacation to the countryside. They packed their sandwiches and snacks, filled thermoses with hot tea, and wore their warmest coats. They spent their days exploring the incredible landscapes, and in the evenings they sat around a campfire singing and enjoying each other's company. They spent their days immersed in nature, getting to know the hidden gems of the place. When they returned home, they were filled with beautiful memories that would last a lifetime.","Four people, perhaps friends or family members, set out on a pleasant picnic vacation together. They pack a basket filled with sandwiches, fruits, salads, cheese, and other delightful snacks. Along with the food, they also pack a cooler with refreshing drinks, ice packs, and napkins.

The group arrives at a beautiful picnic spot, perhaps a park or a scenic overlook, with a large blanket spread out on the grass",12.13,69,0.1758,0.0,26.33,86.32
37,Q4_K_M,Explain the concept of Big Data and what it means for companies and customers.,"Big Data is the massive volume of data that is generated from companies’ interactions with customers, both online and offline. This data includes customer data such as age, gender, location, behaviors, preferences, and transactions. This data enables companies to gain insights into customer behavior and to develop data-driven marketing strategies. For customers, Big Data provides personalized and tailored experiences, as companies can use the data they have collected to offer more targeted content and customized products or services.","Big Data is a term used to describe the large volume of data that is generated every day. This data comes from a variety of sources, including social media, online transactions, and sensors. The volume of data being generated is growing rapidly, and it is estimated that by 2020, there will be 50 zettabytes of data in existence.

For companies, Big Data presents both opportunities and challenges. On the one hand, Big Data can provide companies",12.21,76,0.1607,0.0,9.31,87.96
38,Q4_K_M,Analyze the given phrase in terms of its connotations.,"The phrase ""wild goose chase"" is typically used to describe a futile and time-consuming endeavor. It can also connote a sense of futility, as trying to find something that one might never find is generally not seen as a worthwhile use of time and energy. Additionally, it implies a sense of confusion, as the phrase itself refers to a scavenger hunt with a disappearing prize.","The phrase is ""a black sheep in a flock of white."" 

The phrase ""a black sheep in a flock of white"" has a negative connotation, implying that the black sheep stands out as different and perhaps unwanted or even shameful among the other white sheep. The black sheep is seen as an outcast, deviating from the norm, and perhaps even bringing harm or confusion to the flock. The phrase suggests a sense of isolation and ostrac",12.09,76,0.159,0.0,17.48,84.57
39,Q4_K_M,List three potential sources for the following research problem.,"1. Journal of Online Learning Research 
2. Harvard Business Review 
3. Educational Technology & Society","1. Surveys and questionnaires: One potential source for this research problem could be conducting surveys and questionnaires to gather data from a large sample of participants. This could help to gather information about the prevalence and characteristics of the condition, as well as potential risk factors or predictors.

2. Medical records: Another potential source for this research problem could be reviewing medical records of patients who have been diagnosed with the condition. This could provide valuable information about the",11.84,79,0.1498,0.0,9.62,81.82
40,Q4_K_M,Arrange the following countries in ascending order of GDP per capita.,"India, China, Japan, US","1. USA
2. China
3. Japan
4. UK
5. France
6. Australia
7. Switzerland
8. Germany
9. Netherlands
10. Luxembourg
Answer: Netherlands, Luxembourg, Switzerland, UK, France, Japan, Germany, Australia, China, USA",8.44,31,0.2722,0.0,6.34,85.14
41,Q4_K_M,Name the boat depicted in the provided photo.,The boat in the photo is a sailboat.,"Name: ""Lady M""",1.45,3,0.4844,0.0,175.9,82.99
42,Q4_K_M,Edit the grammar and punctuation of the given sentence.,Humor is one of the most important ingredients in life.,"Original sentence: He dont like pizza.
Revised sentence: He doesn't like pizza.",3.11,12,0.2588,0.0,52.81,83.81
43,Q4_K_M,Calculate the length of the hypotenuse in the following triangle.,"The length of the hypotenuse in the triangle is 5.  To calculate this, we use the Pythagorean theorem, which states that the square of the hypotenuse is equal to the sum of the squares of the other two sides. In this case, the other two sides have lengths of 3 and 4, so the hypotenuse must have a length of 5.","The triangle has legs of 7 and 8.

### Answer:

The length of the hypotenuse can be calculated using the Pythagorean theorem, which states that in a right triangle the square of the length of the hypotenuse is equal to the sum of the squares of the lengths of the two other sides (legs). Mathematically, this can be expressed as c² = a² + b², where c is",12.35,68,0.1817,0.0,11.35,90.69
44,Q4_K_M,How many instruments does a symphony orchestra typically have?,A symphony orchestra typically has anywhere from 60 to 100 different instruments in its ensemble.,"A typical symphony orchestra consists of around 70 to 100 musicians playing a wide variety of instruments. These may include strings (violins, violas, cellos, and double basses), woodwinds (flutes, oboes, clarinets, and bassoons), brass (trumpets, horns, trombones, and tubas), and percussion (timpani, snare drum, bass drum, tambourine,",12.18,47,0.2592,0.0,11.41,85.54
45,Q5_K_M,What would be the best type of exercise for a person who has arthritis?,"For someone with arthritis, the best type of exercise would be low-impact activities like yoga, swimming, or walking. These exercises provide the benefits of exercise without exacerbating the symptoms of arthritis.","Low impact exercises such as swimming, cycling, and walking are great options. These exercises put less stress on the joints and can help improve flexibility, strength, and balance. Yoga and tai chi are also good choices, as they promote flexibility and relaxation. It's important to consult with a healthcare provider before starting any new exercise routine, especially if you have arthritis, to ensure it's safe and appropriate for your individual needs.",15.27,71,0.2151,-7369.38,12.31,88.82
46,Q5_K_M,Calculate the atomic mass for lithium.,"The atomic mass for lithium is 6.941 u (units). This is determined from the number of protons and neutrons in the nucleus of a lithium atom, which is 3 protons and 4 neutrons. Each proton and neutron has a mass of 1.007 u, resulting in a total mass of 6.941 u.","There are 6.941 u (atomic mass units) of lithium-6 (6Li) and 7.016 u of lithium-7 (7Li). The natural abundance of lithium-6 is 7.5% and that of lithium-7 is 92.5%.

The atomic mass of lithium is calculated as the weighted average of the atomic mass units of its isotopes:",13.96,48,0.2908,0.0,16.49,86.8
47,Q5_K_M,Convert the following binary code to ASCII characters.,The ASCII characters for the binary code is: wast.,"```
00000100 01101000 01100101 01101111
```

To convert binary code to ASCII characters, we need to know that each ASCII character has a corresponding 8-bit binary code. We can group the binary code into pairs of 4 bits to make the conversion easier.

```
00",14.18,45,0.3152,0.0,34.0,84.4
48,Q5_K_M,Take this sentence and make it more descriptive: She was scared.,"She was trembling with fear, her heart racing wildly and her breath coming in short, panicked gasps. She felt her palms begin to sweat and her stomach tying itself into knots.  She was scared.","She was trembling with fear, her heart pounding wildly in her chest as a wave of dread washed over her, leaving her utterly terrified.",5.65,24,0.2354,0.0,16.33,91.53
49,Q5_K_M,Brainstorm 3 possible ideas to promote the following product,"1. Offer a free trial for a limited time.
2. Give away several skateboards in a raffle or sweepstakes.
3. Host a promotional event featuring the skateboard doing stunts in various locations.",":

1. **Product Launch Event:** Organize an event to launch the product, where customers can gather, try the product and interact with the brand. The event can be promoted via social media, email marketing and local advertisements. A special offer can be provided to the customers attending the launch event, encouraging them to make a purchase.

2. **Influencer Marketing:** Partner with influencers or opinion leaders in the market, who can promote the product to their",14.25,75,0.19,0.0,16.56,85.25
50,Q5_K_M,Rewrite the sentence using imperative mood.,Pick up the book from the shelf.,"You should go to the store and buy some groceries.
Go to the store and buy some groceries.",4.36,18,0.242,0.0,11.38,86.51
51,Q5_K_M,Describe a picnic vacation where four people are travelling together.,"The four friends decided to take a picnic vacation to the countryside. They packed their sandwiches and snacks, filled thermoses with hot tea, and wore their warmest coats. They spent their days exploring the incredible landscapes, and in the evenings they sat around a campfire singing and enjoying each other's company. They spent their days immersed in nature, getting to know the hidden gems of the place. When they returned home, they were filled with beautiful memories that would last a lifetime.","A picnic vacation is a great way for four people to enjoy each other's company, spend time outdoors and create unforgettable memories. Here's an itinerary for a four-day picnic vacation for four people.

Day 1: Arrival and Set up Camp
The first day of the vacation will involve arriving at the picnic spot, which could be a beautiful park, forest or beach. Once there, the group will need to",14.27,69,0.2068,0.0,18.63,85.81
52,Q5_K_M,Explain the concept of Big Data and what it means for companies and customers.,"Big Data is the massive volume of data that is generated from companies’ interactions with customers, both online and offline. This data includes customer data such as age, gender, location, behaviors, preferences, and transactions. This data enables companies to gain insights into customer behavior and to develop data-driven marketing strategies. For customers, Big Data provides personalized and tailored experiences, as companies can use the data they have collected to offer more targeted content and customized products or services.","Big Data is a term used to describe the large volume of structured and unstructured data generated by businesses, consumers, and machines on a daily basis. This data can come in many forms, including text, images, videos, and sensors, and can be stored in various repositories, including data lakes, data warehouses, and the cloud.

The concept of Big Data is significant because it represents a major shift in the way data is collected, processed, and",20.82,75,0.2776,-21.8,10.44,87.29
53,Q5_K_M,Analyze the given phrase in terms of its connotations.,"The phrase ""wild goose chase"" is typically used to describe a futile and time-consuming endeavor. It can also connote a sense of futility, as trying to find something that one might never find is generally not seen as a worthwhile use of time and energy. Additionally, it implies a sense of confusion, as the phrase itself refers to a scavenger hunt with a disappearing prize.","The phrase is ""a pain in the neck."" This expression is commonly used to describe someone or something that is causing a great deal of annoyance, irritation, or inconvenience. The connotation of this phrase is negative, suggesting that the person or thing being referred to is a source of frustration and discomfort. The use of the word ""pain"" emphasizes the intensity of the annoyance, while the phrase ""in the neck"" implies that the source of the problem is located",22.72,79,0.2876,-31.56,12.49,86.6
54,Q5_K_M,List three potential sources for the following research problem.,"1. Journal of Online Learning Research 
2. Harvard Business Review 
3. Educational Technology & Society","What are the potential long term effects of a plant based diet on human health?

1. Scientific studies and publications: Utilizing academic databases such as PubMed or Google Scholar, researcher can find publications and studies that explore the long-term effects of a plant-based diet on human health. These sources can provide valuable insight into the subject and can be used to support or refute the research problem.

2. Nutrition and health organizations: Organizations",15.23,73,0.2086,-5.01,13.62,82.37
55,Q5_K_M,Arrange the following countries in ascending order of GDP per capita.,"India, China, Japan, US","Answer: Bangladesh, Nepal, India, Sri Lanka",4.11,6,0.6851,0.0,31.28,87.03
56,Q5_K_M,Name the boat depicted in the provided photo.,The boat in the photo is a sailboat.,"A: The Queen Mary

The Queen Mary is a luxurious ocean liner that is permanently docked in Long Beach, California, and used as a hotel and museum.",5.7,27,0.2111,0.0,23.62,85.24
57,Q5_K_M,Edit the grammar and punctuation of the given sentence.,Humor is one of the most important ingredients in life.,"You can not go out side because it is to cold and snowing.

You cannot go outside because it is too cold and snowing.",5.4,24,0.225,0.0,21.06,83.74
58,Q5_K_M,Calculate the length of the hypotenuse in the following triangle.,"The length of the hypotenuse in the triangle is 5.  To calculate this, we use the Pythagorean theorem, which states that the square of the hypotenuse is equal to the sum of the squares of the other two sides. In this case, the other two sides have lengths of 3 and 4, so the hypotenuse must have a length of 5.","The triangle has legs of length 7 and 8.

We can use the Pythagorean Theorem to solve this problem. The theorem states that in a right triangle, the square of the length of the hypotenuse (the side opposite the right angle) is equal to the sum of the squares of the lengths of the other two sides.

Let's denote the length of the hypotenuse as c, and the lengths of the legs",14.46,72,0.2009,0.0,11.59,91.6
59,Q5_K_M,How many instruments does a symphony orchestra typically have?,A symphony orchestra typically has anywhere from 60 to 100 different instruments in its ensemble.,"A typical symphony orchestra consists of around 70 to 100 musicians playing a variety of instruments, including strings, woodwinds, brass, and percussion. However, the exact number of musicians and instruments can vary depending on the specific ensemble and the piece being performed.",9.0,42,0.2143,0.0,12.83,90.28
60,Q8_0,What would be the best type of exercise for a person who has arthritis?,"For someone with arthritis, the best type of exercise would be low-impact activities like yoga, swimming, or walking. These exercises provide the benefits of exercise without exacerbating the symptoms of arthritis.","Low impact exercises such as swimming, cycling, and walking are usually recommended for people with arthritis. These exercises help to improve flexibility, strength, and balance without putting too much stress on the joints. Other exercises that may be helpful include yoga and tai chi, which can help to reduce inflammation and improve range of motion. It's always best to consult with a healthcare provider or physical therapist before starting any new exercise program, especially if you have arthritis",19.85,78,0.2545,-4765.5,9.41,89.32
61,Q8_0,Calculate the atomic mass for lithium.,"The atomic mass for lithium is 6.941 u (units). This is determined from the number of protons and neutrons in the nucleus of a lithium atom, which is 3 protons and 4 neutrons. Each proton and neutron has a mass of 1.007 u, resulting in a total mass of 6.941 u.","The atomic mass of lithium is 6.941 u, where u is the atomic mass units. One u is equivalent to the atomic mass of the lightest isotope of the element, typically hydrogen-1, with a mass of 1 atomic mass unit (amu). In the case of lithium, there are two naturally occurring isotopes: lithium-6 with a mass of 6 amu and lithium-7",18.44,61,0.3024,0.0,20.29,87.48
62,Q8_0,Convert the following binary code to ASCII characters.,The ASCII characters for the binary code is: wast.,"```
00100100 00100000 00100000 00100110 00101101 00100000 00101101 00100110 
```

### Solution:
The binary code provided above is in 8-bit format. Each",18.68,22,0.8492,0.0,40.08,81.53
63,Q8_0,Take this sentence and make it more descriptive: She was scared.,"She was trembling with fear, her heart racing wildly and her breath coming in short, panicked gasps. She felt her palms begin to sweat and her stomach tying itself into knots.  She was scared.","She was trembling with fear, her heart pounding wildly in her chest as a wave of panic washed over her.",6.02,20,0.3012,0.0,12.64,91.88
64,Q8_0,Brainstorm 3 possible ideas to promote the following product,"1. Offer a free trial for a limited time.
2. Give away several skateboards in a raffle or sweepstakes.
3. Host a promotional event featuring the skateboard doing stunts in various locations.",":

1. **Create a social media campaign.** Utilize the power of social media to get the word out about the product. This could involve creating a dedicated hashtag for the product, partnering with influencers to showcase the product in action, and running targeted ads to reach potential customers. Consider hosting a social media giveaway or contest to generate excitement and encourage sharing.

2. **Leverage email marketing.** Use your existing email list, or build a",18.43,74,0.249,0.0,16.37,85.05
65,Q8_0,Rewrite the sentence using imperative mood.,Pick up the book from the shelf.,"Let's go to the store.
Go to the store.",3.96,9,0.4397,0.0,21.71,88.38
66,Q8_0,Describe a picnic vacation where four people are travelling together.,"The four friends decided to take a picnic vacation to the countryside. They packed their sandwiches and snacks, filled thermoses with hot tea, and wore their warmest coats. They spent their days exploring the incredible landscapes, and in the evenings they sat around a campfire singing and enjoying each other's company. They spent their days immersed in nature, getting to know the hidden gems of the place. When they returned home, they were filled with beautiful memories that would last a lifetime.","Four people, perhaps friends or family members, set out on a pleasant picnic vacation together. They pack a basket filled with delicious food, drinks, and essentials for a day out in the sun. Their destination is a scenic park known for its beautiful green spaces, walking trails, and picnic areas.

Once they arrive at the park, they spread out a large blanket on the grass and unpack their basket. They share sandwiches, fresh fruit, and",18.66,75,0.2487,0.0,19.41,86.67
67,Q8_0,Explain the concept of Big Data and what it means for companies and customers.,"Big Data is the massive volume of data that is generated from companies’ interactions with customers, both online and offline. This data includes customer data such as age, gender, location, behaviors, preferences, and transactions. This data enables companies to gain insights into customer behavior and to develop data-driven marketing strategies. For customers, Big Data provides personalized and tailored experiences, as companies can use the data they have collected to offer more targeted content and customized products or services.","Big Data is a term used to describe the large volume of structured and unstructured data generated by businesses, consumers, and machines on a daily basis. This data can come in many forms, including text documents, images, videos, and sensor data.

For companies, Big Data provides an opportunity to gain valuable insights into their operations, customers, and markets. By analyzing this data, companies can identify patterns and trends that can help them improve their products and services, optimize",19.61,78,0.2514,0.0,9.76,89.55
68,Q8_0,Analyze the given phrase in terms of its connotations.,"The phrase ""wild goose chase"" is typically used to describe a futile and time-consuming endeavor. It can also connote a sense of futility, as trying to find something that one might never find is generally not seen as a worthwhile use of time and energy. Additionally, it implies a sense of confusion, as the phrase itself refers to a scavenger hunt with a disappearing prize.","The phrase is ""a dime a dozen.""

""A dime a dozen"" is an idiomatic expression that means something is very common, easily obtainable, or plentiful. The connotation of the phrase is one of abundance and accessibility. It suggests that the thing in question is so widespread and readily available that it can be bought for a very low price, in this case, just a dime, which was a substantial amount of money in the past but is",18.81,77,0.2443,0.0,15.35,84.71
69,Q8_0,List three potential sources for the following research problem.,"1. Journal of Online Learning Research 
2. Harvard Business Review 
3. Educational Technology & Society","1. Interviews with experts in the field of education: Educators, school administrators, and researchers who specialize in education could provide valuable insights and perspectives on the problem at hand.

2. Secondary sources: Books, articles, and reports on education and related topics could provide a wealth of information and analysis on the research problem.

3. Primary sources: Data collected through surveys, focus groups, and other research methods could provide firsthand information and insights on",18.6,73,0.2548,0.0,13.61,83.22
70,Q8_0,Arrange the following countries in ascending order of GDP per capita.,"India, China, Japan, US","1. USA
2. China
3. Japan
4. UK
5. France
6. Switzerland
7. Singapore
8. Canada
9. Italy
10. South Korea
Ascending order of GDP per capita:
1. South Korea
2. Singapore
3. Switzerland
4. USA
5. Japan
6. Canada
7. UK
8. Italy
9. France
10. China",18.27,48,0.3806,0.0,5.25,83.36
71,Q8_0,Name the boat depicted in the provided photo.,The boat in the photo is a sailboat.,A: The Name of the Boat is not specified in the photo.,3.46,12,0.2885,0.0,43.34,89.64
72,Q8_0,Edit the grammar and punctuation of the given sentence.,Humor is one of the most important ingredients in life.,"A sentence is given. It needs to be edited.
The sentence needs to be edited.",4.48,15,0.2984,0.0,26.08,85.63
73,Q8_0,Calculate the length of the hypotenuse in the following triangle.,"The length of the hypotenuse in the triangle is 5.  To calculate this, we use the Pythagorean theorem, which states that the square of the hypotenuse is equal to the sum of the squares of the other two sides. In this case, the other two sides have lengths of 3 and 4, so the hypotenuse must have a length of 5.","The triangle has legs of length 7 and 8.

We can use the Pythagorean Theorem to solve this problem. The theorem states that in a right triangle, the square of the length of the hypotenuse (the side opposite the right angle) is equal to the sum of the squares of the lengths of the other two sides.

Let's denote the length of the hypotenuse as c, and the lengths of the legs",18.95,72,0.2632,0.0,11.59,91.6
74,Q8_0,How many instruments does a symphony orchestra typically have?,A symphony orchestra typically has anywhere from 60 to 100 different instruments in its ensemble.,"A typical symphony orchestra consists of around 70 to 90 musicians playing a wide variety of instruments. These may include string instruments such as violins, violas, cellos, and double basses, woodwind instruments such as flutes, clarinets, and oboes, brass instruments such as trumpets, trombones, and French horns, and percussion instruments such as timpani, snare drums, bass drums, cymbals,",18.58,58,0.3203,0.0,7.52,86.09
